ID,Name,Mark,Grade
119736,Jim Lee,80,D
448094,John Smith,50,P
206893,Sally Lin,65,C
333743,Carol Knox,74,C
172534,Lucy Lu,59,P
785275,Jason Lim,66,C
995932,Adam Batler,88,HD
223488,Chris Sven,91,HD
123488,Pete Jones,61,P
203408,Amy Prearce,79,D
212400,Jane Collen,87,HD
221788,Kasper Lim,51,P
123490,Ray Alens,81,D
419094,Carl Malon,59,P
848090,Stacy Tomsen,86,HD
612004,Alex Mars,44,Z
118034,Patty Lucas,49,Z
712004,Adam Castle,85,HD
912014,Paula Dentz,90,HD
555555,Paul smith,50,P
666666,Tom Cruis,44,Z
[810433],Paul Smith,88,HD
215006,Jane Doe,90,HD
825018,Lin Chu,87,HD
427775,Tony Kroos,88,HD
784988,Michael Jackson,93,HD
